Job Title,Location,Company,Link
Lead Software Engineer,"Mumbai, Maharashtra, India (On-site)",HERE Technologies,https://www.linkedin.com/jobs/view/3684691840/?eBP=CwEAAAGLQvGNfLOYOb6Ahdgofc0TJIsRh-Zln27qeQpdfh_ufyQtSEnz_hDDqEdmljpCZ9u8kqkRN6lRp1WZrTy8d4ppQJexFioOFJztwZNgsDtWhOIn7FaWFh5Sz0jmu5fU2BvWmfQBnqPhbe37JD1SbE5XCjuN4OYEDQ5DVa8B8EJcMXDfZ6KcUrkkCgInIy3SJNm-4rueN3it_19lhrWEUMmWCohZ2U9mVuFhO9wGnBzuf5GQPATsiwnHXjxmSGLoxAKMGp3U1pErOBRjnUBPiQ1g84GHScuP5visX9wCIOiW23RqTtSTHfogoP7Jr9euWFCB-5qoJClYPUWx432yHRaOxweOhdCdnd5W-P73jBUe7YEsZkUtNn4i59-hAaMCzm5hd1DD&refId=szdWsux7RA5uddtENeIYnw%3D%3D&trackingId=2GfwzZtKbACwQ4veTpHpLw%3D%3D&trk=flagship3_search_srp_jobs
Cloud - Senior Software Engineer - (Enterprise Software Development / API Design ),"Navi Mumbai, Maharashtra, India (Hybrid)",SS&C Technologies,https://www.linkedin.com/jobs/view/3625496260/?eBP=CwEAAAGLQvGNfLc-1m5zItzIHaHSBb8b-ZsEhUUTsBNPv3fxO4pimGE65kUj5RnWsw2-p-SN7lln6DKElrr0rATcpAf552Q2NxPo-G5liXMLXmynowHycwbCqabbAnqxfZzptGaAypxT_myFHtgVGeYZi56pKdlh5FT-JLkG93YUhJVjjeQDWUcxmFx71hRB6loOW6W6k-TQMm0U_iL54_Ys7Mcq52D-b9USyvdBlRlZnHoF69T-XhPYkGfBymOV2ngdWkydTFdxQnBkq5bVydBWxSUwPsEOEQ2zqXFFwt1ZnZ-xRD5BMbpj_uMOZmOCK4TrcFs0deWHdtfScOPrZUl4gGQVELYcoObJL13ihO3tUb3LiaezZdsF8pF3BoRLi67_zJLiilck6_4&refId=szdWsux7RA5uddtENeIYnw%3D%3D&trackingId=OBXB4i1feqZu1Iu%2BmLIKGg%3D%3D&trk=flagship3_search_srp_jobs
"Looking for Senior and Lead Backend developer (C#, Typescript, Azure, Kubernetes)- with a Sweden based product company- Pune !!!","Pune, Maharashtra, India (On-site)",Seventh Contact Hiring Solutions,https://www.linkedin.com/jobs/view/3741795341/?eBP=CwEAAAGLQvGNfQWceZhtu19qKrQ6Q9lBUyGjjsMrlV9DXf6pGcnUXfPkbmTlvZTJy6P8V4bw7Jv0djfIxpjYubIQtZapbQ6JtyY-xY8Lf6ILzrbb1yYIg0chYEfJteoERXZ8_emOFckdpRY6PVVdW6NfdeaYf7ceNAngxhwOVBQcLlc_Yqn82t6Ltct1sS1rpVGKsc-B5qPzWJr_Op3hlQO8TzrT4vPhqKU1saVE-j3O2q3PiVy95lcnWbGssIEW5uYFBVuwgBg_ydsb4OJnxP9fIPOP_Wcm8nKLtjesZaKUAHtS-iv760iGSpeBo5R1MjtBwWIzPe1ozkbSgueRXNDtQ-0-XAmjPLmUMbnNXmwtMMjjyG6EIEWavMK6gm9h3TOAJcQlOAZRIOU&refId=szdWsux7RA5uddtENeIYnw%3D%3D&trackingId=%2Fq5P6XQbU24gf19bTLZ1ug%3D%3D&trk=flagship3_search_srp_jobs
Senior Software Developer TCM,"Mumbai, Maharashtra, India (Hybrid)",Marsh McLennan,https://www.linkedin.com/jobs/view/3717093183/?eBP=CwEAAAGLQvGNfTZaDXmyJyitbsoyPltwOCAK3AXCJvG9a0QkYbX7p0sn3ng-DdlwluMDH3k0NjwIDbkhE8yPXjysL9e3gcqSO9pNEZHcJl58GXxgxqInKNJaCuN7IIPR1x4yVfqOnYmOoOU8WNpT_GfE9VTmycZboMgYBC5YiaILAJ0TBy7v1EYI9HRC3SweyuwCgB8HVXtHHIUL_r5C7QVAQJE-WbRisw-dRN4KzwDVtwd9DsHiNZ2th5HIYZPnKMar74uuo2n7aRLJeS78Ex2ob7Lis4Kh9ukcYR_L9THwND_EKdQED_RNxHTH9wigU-kkAboYs2-C3P-RfKuLJIDrrTXnDk9kEAkpBZ0L9_6e9a1X0yxS9h4zSa9H1bheePdTE174kXBO&refId=szdWsux7RA5uddtENeIYnw%3D%3D&trackingId=lzUOQaDxyUjtfDGaxfHbnA%3D%3D&trk=flagship3_search_srp_jobs
Interesting Job Opportunity: Mobiloitte - Blockchain Developer - Ethereum/Solidity/Hyperledger,"Pune, Maharashtra, India",Mobiloitte,https://www.linkedin.com/jobs/view/3735511009/?eBP=JOB_SEARCH_ORGANIC&refId=szdWsux7RA5uddtENeIYnw%3D%3D&trackingId=QVDyQT6xG2L45jwTc%2FPRhA%3D%3D&trk=flagship3_search_srp_jobs
Blockchain Developer – Hyperledger Fabric,"Hyderabad, Telangana, India (On-site)",Vivenns,https://www.linkedin.com/jobs/view/3729071299/?eBP=CwEAAAGLQvGNfe5WgmsR-5P0TWN5wBec6TIxsjgzENNSQK5izaHwRDDZEzsL9AY9cLrvJapqMQzmyq-EFAbtvDWzwMDcbvKt8KmMLe0a3w1IjElQjLc1_6PbICxu0U0mUDDVJvREKSddIMDjg9Z1uejKJtAZoHz-Z8qMe1YdHAaDuyQNISRynV2BC6HFU4qBBC28B4RbiQC-tjh63AQpu0xH_guDE14wrMCTziiU58_uXdaIJAZ5i3raYe8QTd2hx7HSnwsEGu7HtciAecixm4eb0MOk0QsvdSZC-amo1eB8EKTbv9Cpuv6ZcxmAYnHt9IXAH3iGLSc0hw63YH2i61vdUwRGCYBXTDvBMYmrrZJ-nTK9DnbwPScaAfiKB3b_qQXIBDAUNQaUakw&refId=szdWsux7RA5uddtENeIYnw%3D%3D&trackingId=fXKRGoqBsjX4nCz3ue6Iog%3D%3D&trk=flagship3_search_srp_jobs
Blockchain Developer,"Bengaluru, Karnataka, India (On-site)",NetObjex,https://www.linkedin.com/jobs/view/3735598590/?eBP=CwEAAAGLQvGNfU-x9QbY3pwZ_S1dNjVYY0jB9EYGfspRko0nlVY75-hwea42D-zZjOyj9NHWr6DedzSyfkm6xjX619xeOlYtnqY21R2lDjSDN-DxT2kDJHIJksXPDpx-bsGEACd-nt8h9pJO475MeDUuhrAAikhPBo8y1tHr2CmpAUYxnOGqcaHeei6uI8WJablFb6yuTvYJB7hf02jZnGLBF71CM-AMY7zW1zjS820hhQOwkSnf0QDyqwZQXUEDrE-hyw8OMJsMwAFl_yCd6UZqSihHdNTdA9M0K6kUOC9efXnvi5zHkcoTdoiR033HfzYg8PoQ44xCet3v-ZwxQmUN8Ss3gkcwvWIR&refId=szdWsux7RA5uddtENeIYnw%3D%3D&trackingId=aNlFJwF00yEMMYG2GgVWUg%3D%3D&trk=flagship3_search_srp_jobs
Elastic Search Developer,"Pune, Maharashtra, India (Hybrid)",LTIMindtree,https://www.linkedin.com/jobs/view/3736861240/?eBP=CwEAAAGLQvGNffO9Sv_fjajOgIu0x6AxjrE6831sdjqcRwWxpo0LfgQ1KiTMl7cnuuYC8iC-_d75AZnEXLkWl2-_ZUyMybUUqLEwNiuyxy0I1y6EtyMkKvcC7E07e9x7_X8QRoE9-0GnfEdh_kpv-icjccI5DtgbSzeaDsU33PQwYv79krNaLAJXGQIbiUbU024J8LfWjITXatHYhv70w-_n4x3XfMAl8C1iN5C_pqHAOWruXMR48ktBUJhOnfABQj7wpU99RCLgqQ7Sr-QAD-oEyijef_zEeeVTzV-lFW3xLUKr2KIu6q-uV3SaRSKVZKuVyNvkG-tQOjXnymm50WXz410wCrQ40iOUFatr9CbGGuwLOVnaDSGsXAf2KLYcLXTe67W0w6IS2Dw&refId=szdWsux7RA5uddtENeIYnw%3D%3D&trackingId=37loDl%2FDi0bfLsR74O%2Bz%2Fg%3D%3D&trk=flagship3_search_srp_jobs
Technical Lead Developer - Full Stack,"Mumbai, Maharashtra, India (On-site)",SitusAMC,https://www.linkedin.com/jobs/view/3662368728/?eBP=CwEAAAGLQvGNfR2wtQtOWwP_316jzDtugeNNHVSYMpxJ-dPVDq6RIjM2YmBm91DRWd65GkurStHmZ33k9u36Clrjl-OwiExMgO6KHuQKpw3S9At4bWmH4vwIg2yA8mE7Y3ja8HgKS1tjGGFTkaN5Nj-1t12EHiqN2kPyaylcU11JD_lFf4DcZsee3uwErvHePDwGktss7CMUa3G-ltysgNJ3Cm3SF-dLssNA5hXOtnOl9PPDmzcB5BO0waxYOoEYrfaAiq6MOMU7a9HWLeqZK-VLkN9EuNlFdJ5pNgzw-sKD7OrMXVOzNgClQfrUhQxdhD7_ZyK1P6BMls4U7B-mpjHMU7XgS3vw_SAiuEWdanm2ha9UGQ8oDQbERppn7rRi2c2ZzYZvdWpPPlk&refId=szdWsux7RA5uddtENeIYnw%3D%3D&trackingId=53QAPC9kNwjCQVP%2Br9nRxA%3D%3D&trk=flagship3_search_srp_jobs
Golang Developer - Software Engineer III,"Mumbai, Maharashtra, India",Forcepoint,https://www.linkedin.com/jobs/view/3712319314/?eBP=CwEAAAGLQvGNfT5gEvCLBp79FmpdAQvDq0Y5tUo5jgfcmeAtqMZmU45Pino-J3Xi-F4qouNQ5IpzFhQCr95ISKEtNfY2YFs9C0rrr1tQ4mSQ43kapKBkkKq8DvW0tZwSBGKGO0_jTjw0SQziiLRCvuqfhEQjyk9H5RG0t2KgG4STajQw4fO9WuMlWychdPN3ANXD4aErSpTKOZWfkHDUsx_fyA9t6eYBdR37Ee98SwSEoHlNbjLawNdhZVEw4SNujYmkFJWYeBFfVTB-8sbEJHRaffFkwY_QRPGci2tNp9eX6lnY3XMVeW8pMIkqLGY62eShBElSzGH4n4mOUL7-vyAsUXU-bQqFLK9iHepVXwUpd1F6pdcdOjnPbZ9X770nkGWwUb00Kg7q&refId=szdWsux7RA5uddtENeIYnw%3D%3D&trackingId=uK6a7mDefG1E%2B%2Fkn0RGzUA%3D%3D&trk=flagship3_search_srp_jobs
Interesting Job Opportunity: Blockchain Developer - Solidity/Ethereum,Greater Kolkata Area (On-site),The Fast Way,https://www.linkedin.com/jobs/view/3735507350/?eBP=JOB_SEARCH_ORGANIC&refId=szdWsux7RA5uddtENeIYnw%3D%3D&trackingId=BVI7c26d%2FBgjCmAEhH%2Bzwg%3D%3D&trk=flagship3_search_srp_jobs
Software Engineering Lead,"Mumbai, Maharashtra, India (Hybrid)",LexisNexis Risk Solutions,https://www.linkedin.com/jobs/view/3727675596/?eBP=CwEAAAGLQvGNfUL_dNSgsPdo_gR7nuZcstozp4g1-66NOFcZ7mErWc1ds2R6CQ3TqWE0VG7WP8vOE6Nh0hXpWlhcVPqDQ5nS37EnXv_6ugI1OUAfDKeS2eeKRq1FnUujNQ8qZd3yDjy4h5dV4TukM7Ejpychxmj90u6Kre0Cs6Q9fW98hhjAVeD-S9_SyPxK2Hwsa2WLZCgdDIJhCqvApD_Fb-bvdOq9aOpce_CpZr4Y0eDBdG4dc95PvAKHc8bQvgJryx7bnoOvmAWq40AHyz8WALrdh7ie3j-V1GUqNJAcvLYoPY_QbM40Q2IjBUI9HxaZJoMafD2rUcfFnW3jFMff_EdIc3t4mjPqF2-yCwU5LZdYNeQn8HQ-0_LPDzUWlG32hW23J8Un&refId=szdWsux7RA5uddtENeIYnw%3D%3D&trackingId=VXuKc9BFyLunAa2oy%2F%2FKMA%3D%3D&trk=flagship3_search_srp_jobs
Blockchain Developer,"Gurugram, Haryana, India (On-site)",AuthBridge,https://www.linkedin.com/jobs/view/3737175442/?eBP=CwEAAAGLQvGNfew-2PwlLIVmA3ZEls5SrFThSJpi34IDl0WoS2d6SexGOtRjzqFlnBIV81zwOuoF72Q3QGSJwPUXwwImWiLJbryuIIVIYko-r7zkg7OTP55_msZkrKZWkveJX1V6XTwQvK73ft-ZDYYIbFqMTfxneAexWyvugR06usHNthaQg5zCzRvqQbjG_satTrrbAQxhsMUpvRaR4ReT6wJkHVJhOtjEP4Nlazm04emjru7JoqW9-DxwBbFezRmT1EZX5LKtzfH-DmP_RUqAaP6gzpF3hsb_Z3mNkvatvzUBwu2a1CeS91MZHC2OxGa0Q3tzIYdfB_PeffNHExgL3JQdOfmsb9YB&refId=szdWsux7RA5uddtENeIYnw%3D%3D&trackingId=T%2BcsB5P26llZUL%2BMSJ0PYA%3D%3D&trk=flagship3_search_srp_jobs
Kafka Engineer_Immediate joiner,"Hyderabad, Telangana, India (On-site)",Anblicks,https://www.linkedin.com/jobs/view/3741726773/?eBP=CwEAAAGLQvGNfTOgUbKfq0Wju33AYjAXIvG4fjMkvTAdVKxUQb1ZpLaSLqqpOt8oys5jhCX90Dqic0TezgGDd0Oj7uycdhcx-uesSgow0tXZEQbaDS03RQOsTi8gHsMIbdrrzby6WofULD9gPbpzr0NMAvt6sJqQhwbORTCKnxfoJnXq2Cv0QCOY0hL9lS8l9gq5-sS9MfCiBQvdYRwATH70f2EY66BzVSOtBGMEjJ8yST91coWuBxKmIFsmGaK22tpIbgZPZT658nSoOXdzLZIFkA755-kgWQlAljtP1s5xRKWmtVzdptAOtXiUk9hMPQzAPMuNLJdjUAimuT44q0B_Z0nV7cgHsbCfeg7eMuTN7O7IOFoEKLl91s6o7gdPcis_cqDZ-6UO&refId=szdWsux7RA5uddtENeIYnw%3D%3D&trackingId=%2Bx2e2TZDqQBnfRPxAoEXxw%3D%3D&trk=flagship3_search_srp_jobs
Golang Full stack Developer,"Pune, Maharashtra, India (Hybrid)",Volkswagen Group Technology Solutions India,https://www.linkedin.com/jobs/view/3720330054/?eBP=CwEAAAGLQvGNfX8kHUCGFPV5fWqAq_AJWhiDMHhMJXa30pIDlGPdU0Gjgv7H4_D_TOIOQ2FOM_V2KhMwv16h_Re8dmb6HVow9QlF-XIgWjwSbdjiAGkST2ym8d6NSVVqZ423HshE-9U0kOlTSmq1fvmI2OXNjE6fhyUXgzVv_JSjyQq5z6eP1bwYxGDnReLQi5uX8SNGx8yKJurElzDL3Z5bADi6Ky6p7B8l_I5nrwxjNdvU6cfFT-DWhkjxl8wFvbDRQZDXeGUMJ5U-uGHwVp6Bnw12UQJ1aqBqpdVhrsITDtHAQkN1TNh-piwXwOdWkOcpTm-HmCkk4ZlEefY-kEHVCdPuxMesBYbX&refId=szdWsux7RA5uddtENeIYnw%3D%3D&trackingId=h5hxr%2BiZr%2FdAqb%2FmcOqw4Q%3D%3D&trk=flagship3_search_srp_jobs
Golang Full Stack Developer,India (Remote),Supersourcing,https://www.linkedin.com/jobs/view/3736597153/?eBP=CwEAAAGLQvGNfX_VkiEfFL-2twPERpnLkYeoWJWu6-wt7Lj34EgI9BTx5ITp0SI7n8IQO0DylrqDvFv8BVi03GZTxV87wuAdFt47ksedcyMB3ZVj0kszEKx9K4wwMJs9JDh-HRqk1FCbzBSN_5lA9LBervzrf4J0ZAVLrIweMM6RLKOnwZ6ASiyTCOJIRKQQW9KTRXmumvfK9cpnEtYDFr0k6vH8zyHnOFHggAQCv6q_GE4pibjvGpYS9vme92lkKYDE-d7VsLjf09VLQ2fULw_kLQpisqVWV8k5J4PqyOnoEYo7rGsqp2DSSg11o6GT_24TXzvYvrS4YEwPYM79CWoEJFeYipRWExxp3OnBZjjTJUjcMweSa0VsZPnJ4ykoVXZ9ztNC42kmoSw&refId=szdWsux7RA5uddtENeIYnw%3D%3D&trackingId=Oq2f%2F7z1dgXxLqyptSeYHw%3D%3D&trk=flagship3_search_srp_jobs
Need for __ Blockchain Developer,"Ahmedabad, Gujarat, India (On-site)",GFL Recruitment Private Limited,https://www.linkedin.com/jobs/view/3739705072/?eBP=JOB_SEARCH_ORGANIC&refId=szdWsux7RA5uddtENeIYnw%3D%3D&trackingId=c%2F%2Fs9ZFngLG%2FwyPQoAja3w%3D%3D&trk=flagship3_search_srp_jobs
Blockchain Developer (Hyperledger),"Pune, Maharashtra, India (On-site)",Tech Alchemy,https://www.linkedin.com/jobs/view/3737958658/?eBP=JOB_SEARCH_ORGANIC&refId=szdWsux7RA5uddtENeIYnw%3D%3D&trackingId=5Fn3S9PrLaNEjQVuwERrRg%3D%3D&trk=flagship3_search_srp_jobs
Lead Java Nosql developer,India (Remote),Flexton Inc.,https://www.linkedin.com/jobs/view/3729833029/?eBP=CwEAAAGLQvGNfXO9bLfRhF4TlaC3K8E_I8Efb2WXMADYFNnzTjUDy6ZS63OMVmevL0krwWJ6CQ82XbxN8S1Q5OoGSoZ_lIzfvr5ZdradNOeks6ghBg-tyjghmxQJ8bdgXougfXTWljlc3xPuSk5-9Wson-z4zVAuhIhW5L7bpI27ijURtKCksglAxDAB-CPAJNED4LhIAqKdyNybz4erhEwQu1AkKHIvfBtmIOWpHOKok2i8UeZQ0ca8gL2jT2_WDgzTGD-PLyqrHA0aeX9M1ibcUFx0CFzE5TjtWMfxcNklFEaSj9acL5RQ8suoMWSWqdJesdllEoneRXGjxzjTL6cfvPFAddFzgzQj&refId=szdWsux7RA5uddtENeIYnw%3D%3D&trackingId=NQiD9spHZtygv%2BacrvUSug%3D%3D&trk=flagship3_search_srp_jobs
Kafka developer--PD,"Gurugram, Haryana, India (On-site)",Mobile Programming LLC,https://www.linkedin.com/jobs/view/3741731304/?eBP=CwEAAAGLQvGNfSRuDdOqMobmEbW0_z6VRafZ8Nh-AXoNuCkvLn6HnXditeoM94yoeDJuciNcH0XSALsDczl0WExHJ8Qpudpy03bssF8Itkls2jqxJ0JNdlnIwiQgj0z6q6UIaPaEuzIsrmI3Qicvb-zJZSpv3vYwpDLQJVw1pwdiYBxKa4_NHLkCwCmFMA85x4c9tIAlSF4dqTKX7iFl5rq8IxrM3AkdcdGnHCnb-5_4pBpE-j3jj6ix3WAjp5ycV0IydmB_AD3B_a1zkFcM6xv3kmmtxcjktyxrIakUeAMt8aGETZabq84IK4lbdaD12TxWAzjCR4QStyZ2DABEa_CveAhUoZw7bQLM&refId=szdWsux7RA5uddtENeIYnw%3D%3D&trackingId=lnkwjaWUNj5jaRt1PyXLyg%3D%3D&trk=flagship3_search_srp_jobs
Mainframe Developer,"Maharashtra, India (Hybrid)",SailPoint,https://www.linkedin.com/jobs/view/3646866339/?eBP=CwEAAAGLQvGNfXd3Rf3cBviRw7ZtfBthEHRX4oRJv5ia9G9ucjaZaGB0JaBYhE6AWThzaR-h14XOnaC6fQlPebLIQLJ8OtljSHQ1TqfexmV5US5GPgUs_Gt1DDxRvG1Pbl8Iolr71vyBiRaFMvx3-YobQqlgFb8qurslnTePgXiUijQXCN8Axf3BJV1d_wqBj0yH5lcx0f8H7T_Dbq-wbjQ4Hwbx2xVhYtTKv98fJcvj7y9zcbwnb3HipdlyM9p_ggnWZVjagaAqprGPMwc5ggfLgFs_eGXKQb5U_Tsb2N_LiDiLb5wjgGG364lPyKoRQK3X3BbKQKSHd33CWDo8YveW1pkGAKC09vxiEWtCLDcak56wZu_F1g5MnrSVSpuZLhPz-R1nrDwWrPE&refId=szdWsux7RA5uddtENeIYnw%3D%3D&trackingId=WGWDDtfymSY2U9F5McwBXQ%3D%3D&trk=flagship3_search_srp_jobs
Full Stack Developer - .Net,"Mumbai, Maharashtra, India (Hybrid)",Atidan Technologies,https://www.linkedin.com/jobs/view/3727806811/?eBP=CwEAAAGLQvGNfZ_2RXkpBOcuQ9uVoh-1TDP9Vb_I98Bjj37GceoZr0a6_QBTmuNvk1z2sVHyKEy7LapBI-EisVH_g8f1kALlIzfHOwjF_en4GOoQ5hp0BA7rIPpqDkqT4X9mAUxKMdxhv8eJxEBRmZUx2dNmnJDv-rLx06uEsBLjuqOwu7cJytiaiL9eYaZessD2msWNU4E0IRHggSeEI6rwKKfCzgAs8lodE-4AjSNK7MW9j--v46tx_Spfp0T3vMGNn7t-C7telE6jkMcr4L6ulVZtKL4cF6kyZ8GAAqpnRFBuPV7YuXVf7upictoRPsJEMKdE5eVnIsNKpoErcUSwBxK4-AczLWlr&refId=szdWsux7RA5uddtENeIYnw%3D%3D&trackingId=B3wmmvtBixwER4NrLpbR0w%3D%3D&trk=flagship3_search_srp_jobs
AbInitio Developer,"Mumbai, Maharashtra, India (Hybrid)",Hexaware Technologies,https://www.linkedin.com/jobs/view/3740832612/?eBP=CwEAAAGLQvGNfd_OoAFcAC_FA0QZ56b7D1Z_JxNr-HyFabGpUh6IAxNmvOhuwRcAB1C6dmH1yBoGzD5yhP-tyvQWfO45iiZugZhzJsAqqrErizQlcH6X44L9QjpxJvhmxpOuCiHLdBsIZ5fm2_uue1wzlFD4bhwwt99dR0foyQ81GP0NwrIOdMqhMZjZtmL1oJ-54mdojX-mNTe_Z2cr4AABjEhzov2Z7fR9lRhATu8ccccR5rEssJFGT3L93wIGOuOJA_WCRzU4KlE90XuyOi0Uwh6kBClZeski5O4_lgoNeZMZXolFtjVo2qpcyiADWJzezJoBAQxx3QJhZ9zPON4pvl9VuudS-gIK&refId=szdWsux7RA5uddtENeIYnw%3D%3D&trackingId=5%2FH2QmuWWOECbC8p5YAewQ%3D%3D&trk=flagship3_search_srp_jobs
Apply Position for _ Blockchain Developer,"Ahmedabad, Gujarat, India (On-site)",GFL Recruitment Private Limited,https://www.linkedin.com/jobs/view/3739396933/?eBP=JOB_SEARCH_ORGANIC&refId=szdWsux7RA5uddtENeIYnw%3D%3D&trackingId=h6U0Daz1PMBpKffxWFIQFQ%3D%3D&trk=flagship3_search_srp_jobs
Job openings for blockchain wallet developer in mumbai,"Mumbai, Maharashtra, India (On-site)",Hr Devi and Associates,https://www.linkedin.com/jobs/view/3677242701/?eBP=JOB_SEARCH_ORGANIC&refId=szdWsux7RA5uddtENeIYnw%3D%3D&trackingId=YFkQfhpVvjDXPV0Xci%2F6Dw%3D%3D&trk=flagship3_search_srp_jobs
Principal Engineer - Applications Development,"Mumbai, Maharashtra, India (Hybrid)",Marsh McLennan,https://www.linkedin.com/jobs/view/3717093126/?eBP=CwEAAAGLQvGTj1ddHvounPt-1bfPAW4FGl2aCS0PgRGj1bWTm9DiBwmoxPpNtNHeUjrQa2HkC05HnDJxc-ehBsg1mOMFgbZ6tIXSEezZKEzWVApL8fnkj52iQ3ogfqFxszGgbYQZmNGK0NXHZUH8FNz2YlH3unkkS7Xe-i5Bl2nhlsGvNFQYWMJ1FRXLuSUIoKvv0GgJJb2QfTndFz809BMLiIQ1dml8vspBpwfPoJqmQCJbOqjjxm9Xfi2Dys9VL8q8u0JCWs61PBgnMr9PNX6jGA6enFjGIokeO_086Iq2rY-Zz2ltxjT5ow7Dd4cbqkkNpiWjb9qyVQg3DyVYZjKIQ315hMEFSw6whj3qVWABTimvNPjyjyViQiVXWj-ZiC65e5s4gxTV4c8&refId=KSNM2pZIaOZfGJJOoB0M3w%3D%3D&trackingId=5%2FN7sNtFm3MHqJrWn%2B%2FKvg%3D%3D&trk=flagship3_search_srp_jobs
"Sr Software Engineer (Java, ML, AWS)","Mumbai, Maharashtra, India (Hybrid)",HERE Technologies,https://www.linkedin.com/jobs/view/3712072040/?eBP=CwEAAAGLQvGTjz1KTEKsb0wuGH916kCyeYerioVjRgzBMeNS5LywgufEixrRndDskYnMtDN3_M7duqpBjNWC5X3Ml6_UV_hAiZMWFT4VdAUiCXrfqLFEiKAe3hPyVuWcE0ggie3X-LFDtU1UpyjvUkBBiitmrkDI0oB2ZzLxmkfO9RH9mzMaljzd2-eG6f9pQhcoWxz3Y5lUnBFJxXk5bKmqbUlKsoXL0lI5-cVG-6RRZ4IMizoHqxGakf_hu0402d8B5dBXTNqxeoGKYH6MZmw5j4_7KKslH_UlOwDD9pec7-BYfSqy8KRR5vTD9LMmeggJiZyiIj1JrtGQ1U4EJj6wQGFOhyUQi37zEvgKBMOn3LIE02QKxU0iNvKk0Ya9GMSR8BzTRw&refId=KSNM2pZIaOZfGJJOoB0M3w%3D%3D&trackingId=QArmCEhMOdmJZbmL3ugYIQ%3D%3D&trk=flagship3_search_srp_jobs
RUST and Blockchain Developer,"Bengaluru, Karnataka, India (Remote)",Mercede,https://www.linkedin.com/jobs/view/3710786243/?eBP=JOB_SEARCH_ORGANIC&refId=KSNM2pZIaOZfGJJOoB0M3w%3D%3D&trackingId=t07rKL6dh%2BR0I5BiNhzO%2Fw%3D%3D&trk=flagship3_search_srp_jobs
Blockchain Architect,"Bengaluru, Karnataka, India (Hybrid)",LTIMindtree,https://www.linkedin.com/jobs/view/3718294106/?eBP=CwEAAAGLQvGTj45UXCQnXFPz4tvqwUqKHEtnDF0ueXaCmVOf-LR8c4Cf0giBpNuhdll_zbFUfD17Ojs8A2hfY-fN2xM82-u8kOy164E52NxeDSDO1gpCIXLq4zNCyoQeUavJLYiFtfHbH5gxhdYNyo7kRKqBge_NLuo8qnCg659DkTHUS6uLt3E2r_9V51UOojCQb7e46qLe1E5Hq1ZcT6jfUDwVIEHexi3fzLELMRAIXGxGcBZRRGak0c5DgfVeEiY4WtEcqSeiIqybYpFEzjQXuLncn4CS7J5VHdX-5veBqgvumQVeJDyP88v7b5kpwyfV-cng01iHvRyTd8VltCeYaBo5gm9vOhTg&refId=KSNM2pZIaOZfGJJOoB0M3w%3D%3D&trackingId=lfuC0cc6V0tt365IqCDdtA%3D%3D&trk=flagship3_search_srp_jobs
Full Stack Engineer,"Mumbai, Maharashtra, India (On-site)",Servify,https://www.linkedin.com/jobs/view/3724751101/?eBP=CwEAAAGLQvGTjx3Llvmr0umrA2s7B4_D2tVTuWG1PV9XNdYHh9j7FNWAQyIUoGBkh6dnEys0cIFTvMpf-d2gf57GysTfBSKaoXKHAWLMM6_18jMrO-dx_7_FGjAvkJixSboCK0P0ukgvAhW3K7p45gl6b0U1GX-fwzqvZiZgZOumhJ5VuLbfqWNdXqA3gfnK0LcaHivYfoe8PchMdON2h1eRfRjAiob5knDrh-3Bb6JUyqhEjaJgFyIPekNxco-8ESWnJsyxPiRylDvS7h5BTO1TmT6e-ho_L-2_8L3ruPyoXcpx1pjbxPyVky2sECg7k_UGAK7O01v85ECqiGiydTIlDjjULiFeSHdu54PZblXC4N0sHh_nbFy0HraBrQBHlNDU88DyOjqyoPU&refId=KSNM2pZIaOZfGJJOoB0M3w%3D%3D&trackingId=ajkaGydyBcxJEalx9Qc2JQ%3D%3D&trk=flagship3_search_srp_jobs
Interesting Job Opportunity: Blockchain Developer - Solidity/Ethereum,"Gurugram, Haryana, India (On-site)",Mobifly,https://www.linkedin.com/jobs/view/3735507359/?eBP=JOB_SEARCH_ORGANIC&refId=KSNM2pZIaOZfGJJOoB0M3w%3D%3D&trackingId=sj2d9RVL4jMdvvB%2Bkr3qYw%3D%3D&trk=flagship3_search_srp_jobs
Blockchain Developer,"Navi Mumbai, Maharashtra, India (On-site)",The Fast Way,https://www.linkedin.com/jobs/view/3723308638/?eBP=JOB_SEARCH_ORGANIC&refId=KSNM2pZIaOZfGJJOoB0M3w%3D%3D&trackingId=UJQP%2FL7wQGI3DdST8mPazA%3D%3D&trk=flagship3_search_srp_jobs
Blockchain Developer (Tezos),"Pune, Maharashtra, India (On-site)",Tech Alchemy,https://www.linkedin.com/jobs/view/3704159637/?eBP=JOB_SEARCH_ORGANIC&refId=KSNM2pZIaOZfGJJOoB0M3w%3D%3D&trackingId=9kxRKHoZq3Y5nJYycbcfOw%3D%3D&trk=flagship3_search_srp_jobs
Blockchain Developer_Deepanshi_Technorth Star,"Bengaluru, Karnataka, India (Remote)",CodersBrain,https://www.linkedin.com/jobs/view/3635144333/?eBP=JOB_SEARCH_ORGANIC&refId=KSNM2pZIaOZfGJJOoB0M3w%3D%3D&trackingId=10nocG1RZPm%2BR5jZJ9N8Iw%3D%3D&trk=flagship3_search_srp_jobs
AuthBridge - Blockchain Developer/Lead - Cryptography/Distributed Ledger,"Gurugram, Haryana, India (Hybrid)",AuthBridge Research services,https://www.linkedin.com/jobs/view/3700024694/?eBP=JOB_SEARCH_ORGANIC&refId=KSNM2pZIaOZfGJJOoB0M3w%3D%3D&trackingId=thb52x8kGZAxQDpCu8fsuQ%3D%3D&trk=flagship3_search_srp_jobs
Blockchain Developer (Cardano),"Pune, Maharashtra, India (On-site)",Tech Alchemy,https://www.linkedin.com/jobs/view/3704160154/?eBP=JOB_SEARCH_ORGANIC&refId=KSNM2pZIaOZfGJJOoB0M3w%3D%3D&trackingId=EKAr69uJKKnhw1p%2BdcVzag%3D%3D&trk=flagship3_search_srp_jobs
Interesting Job Opportunity: The Fast Way - Blockchain Developer - Smart Contract/Solidity,"Navi Mumbai, Maharashtra, India (On-site)",The Fast Way,https://www.linkedin.com/jobs/view/3722415920/?eBP=JOB_SEARCH_ORGANIC&refId=KSNM2pZIaOZfGJJOoB0M3w%3D%3D&trackingId=S8H7zYk3mVAH9QJtt4sr5A%3D%3D&trk=flagship3_search_srp_jobs
Blockchain Developer - Ethereum/Hyperledger,Greater Kolkata Area (Hybrid),BRAINCRANX IT SERVICES LLP,https://www.linkedin.com/jobs/view/3715234557/?eBP=JOB_SEARCH_ORGANIC&refId=KSNM2pZIaOZfGJJOoB0M3w%3D%3D&trackingId=qyeewm6VlXIu0TCAHWs1CQ%3D%3D&trk=flagship3_search_srp_jobs
Blockchain Developer - Metaverse Project,Greater Kolkata Area (Remote),NEOSTREAM,https://www.linkedin.com/jobs/view/3735505585/?eBP=JOB_SEARCH_ORGANIC&refId=KSNM2pZIaOZfGJJOoB0M3w%3D%3D&trackingId=CE5UwpnvWw24DivBIvfbYw%3D%3D&trk=flagship3_search_srp_jobs
"Full Stack Developer, 08123A","Mumbai, Maharashtra, India (Hybrid)",Information Security Media Group (ISMG),https://www.linkedin.com/jobs/view/3646624653/?eBP=CwEAAAGLQvGTjyHlPR3uZ1xRDywO1hvce_MPiR0u1Z6o_MTiwv1hOKMPHXCryZ5YtbnJUUvQjipKgGh35YDqR0rFd-Nm-MCpTYjZH9azZVNeZea3H54wzW7YecNmYOgYzB_p2b8UlnsZggaIgmYfW8Nycc2UaqOtdbUnwtnXd4rD1izGLkJmaFraSrdFw82n1yDPSZBvzwAnv8lm8Wb2xQGDAvUR96X99oy5tvqMxSnrenlBtOIXCCEd5FBUYaCVliaIA4AjJeszYznEqKiE5lk-XzaWSB5PE0rZ_rHZ8yfLP7I1JxiAMa98OHE_cQxEW3VKUY6pokkI8_rCAAF3tYhHacIQ3thWpJeyxzNpAuk33vXbJ2tNJQiKhL08AyNgCLHwP4sdpIgwPVs&refId=KSNM2pZIaOZfGJJOoB0M3w%3D%3D&trackingId=Uoulqt3SRefmjMJanCzjzg%3D%3D&trk=flagship3_search_srp_jobs
Lead Software Engineer,"Pune, Maharashtra, India (On-site)",NielsenIQ,https://www.linkedin.com/jobs/view/3688941042/?eBP=CwEAAAGLQvGTj9txKNOHCqf0nS9AD7c5b4kvnfd__PewBPHhiWD9kAeGCxWVIsrqArE3w-7ejHgP3-vDmnnSP-_wa302KKA95faZojgIYSLR_K-NPYYtfVLa3SI8xmFj96yae9-0X3rtC-kOrIjo_ea8kdHzuGphMgorQARMuIz1qQEuha5PAmDNNpW71stpHuFA-tUaK0eIDzRFKc5JDtE2qA6QoKZA2IWfgfOxN9AcWyeonqO0Gsb_EUzTVt2DcY7tOTuX-03krFFP8MZfJe4FxpnJahrxBM9WPLazz3ituZyTyo9Sz8IngUX6zTRSJuxtpqGs-ScmIpaJeQdA4fW9H7MU27SZWCPHsVfrwAxnEhm1s6-WMsjuS3gWBLiTvkzgls6hPMaa&refId=KSNM2pZIaOZfGJJOoB0M3w%3D%3D&trackingId=ZkXik4ywB%2BMC8xDUMiEXeA%3D%3D&trk=flagship3_search_srp_jobs
"Golang, Java and Microservices Engineer","Pune, Maharashtra, India (Hybrid)",ConnectWise,https://www.linkedin.com/jobs/view/3731830953/?eBP=CwEAAAGLQvGTjyLPTOOhuJYUJfv7csiGd5zZHAscnpIgljI6Xed2sCNTqJQ2UL8EALwHF5BV7iTzR4VGcYatuUoAlh5VvncErvqxU4I3eyY8ui7tN1ZnvX7s_uHEcwt_2NnkuGrGgFfkBwb6KXXTL6KyL3W5LcsYs0qQKwIM0ic4GKJXy6dJ_qELTHCFQbU_RT0b7kyBQVVNgMq9bHFQgan57nBfEmqxLjZtDZnJk_IR6gCBXMxySQoHeVqi1zkdFw6MbzefMQTbVvdxy1sgcVAtcIbP8b4mMq1y2F0xTPJd95CcZwtUqK1_11wnFectVaz5eRBB5F-LpdKIiOsB6Gj3n0a2ytr3dVzCU81S-cgrKkBR1VXpJ7WwpkTE7N_DW5I17Zqm_0oq&refId=KSNM2pZIaOZfGJJOoB0M3w%3D%3D&trackingId=Wx1WpQuH403%2BT5pwZOThnw%3D%3D&trk=flagship3_search_srp_jobs
Full Stack Developer,India (Remote),Uplers,https://www.linkedin.com/jobs/view/3741050421/?eBP=CwEAAAGLQvGTjzVpUUUe1phCTj57T8opPiOvhahBdcm3IZplXuUMSenF5hCMbczx-0_BOJgk0PYK4kzg86PidbPTQtNftyBLYMmYG4PPq4IJU5HfBvRu-XcM6e90yhiuK88zFc1X-rmPp7XzjtnWI1iPdhkDJsaXrKjcWMdvMmEEJiiJ4uCwT0-NgdGE2RTQ-eD4m8NlSgr9cBvmuhO7tvWmXpaCml-ufleM4Fy-MDlrcGArMfAHR5Lp7fFVqHVNJ9A9iZatOPjQclIa73rSsd0fpyvI-b192ZPsI5_7VJiHDANFUhEStO0p9Zfh8XLcJ3uXZqaE5Ok7k7mh4o5T9A-XAcnqGUjAY_tDMRO8BYzCJz8tqjL5ZZpUNdtkCUHCt6Zysz2NZbk3oQI&refId=KSNM2pZIaOZfGJJOoB0M3w%3D%3D&trackingId=CyEwoXAvnnB0HEJXKYE1Qw%3D%3D&trk=flagship3_search_srp_jobs
Blockchain Developer_Tanvi_Silver Line@ 0 to 3 Y_Chennai,"Chennai, Tamil Nadu, India (On-site)",CodersBrain,https://www.linkedin.com/jobs/view/3635145148/?eBP=JOB_SEARCH_ORGANIC&refId=KSNM2pZIaOZfGJJOoB0M3w%3D%3D&trackingId=fKdsPSrQWnPqjiMShki0iQ%3D%3D&trk=flagship3_search_srp_jobs
Blockchain Developer,"Pune, Maharashtra, India (On-site)",SalonShark,https://www.linkedin.com/jobs/view/3618652483/?eBP=JOB_SEARCH_ORGANIC&refId=KSNM2pZIaOZfGJJOoB0M3w%3D%3D&trackingId=MttVrBQJfwrwMNG5hOfEWQ%3D%3D&trk=flagship3_search_srp_jobs
Blockchain Developer,"Bengaluru, Karnataka, India (On-site)",Sagarsoft (India) Ltd,https://www.linkedin.com/jobs/view/3733072341/?eBP=JOB_SEARCH_ORGANIC&refId=KSNM2pZIaOZfGJJOoB0M3w%3D%3D&trackingId=J53jkbDnYfoR2f%2BRUjrBuQ%3D%3D&trk=flagship3_search_srp_jobs
Blockchain Developer - Cryptography,"Bengaluru North, Karnataka, India",Artivatic.ai,https://www.linkedin.com/jobs/view/3627618961/?eBP=JOB_SEARCH_ORGANIC&refId=KSNM2pZIaOZfGJJOoB0M3w%3D%3D&trackingId=vFFbQRTzLqHuUVTGskkvmA%3D%3D&trk=flagship3_search_srp_jobs
Blockchain Developer,"Hyderabad, Telangana, India (Hybrid)",Vaishnavi Services,https://www.linkedin.com/jobs/view/3726147971/?eBP=JOB_SEARCH_ORGANIC&refId=KSNM2pZIaOZfGJJOoB0M3w%3D%3D&trackingId=0%2FyYYweaRgBFQYsZHuTs%2BQ%3D%3D&trk=flagship3_search_srp_jobs
Blockchain Developer - Return India,"Hyderabad, Telangana, India (Hybrid)",Global Talent Exchange,https://www.linkedin.com/jobs/view/3667474794/?eBP=JOB_SEARCH_ORGANIC&refId=KSNM2pZIaOZfGJJOoB0M3w%3D%3D&trackingId=%2FsJrgdoZP5E2%2BUVR2JroiQ%3D%3D&trk=flagship3_search_srp_jobs
Blockchain Developer,"Mumbai, Maharashtra, India",Rejolut- A Web 3.0 Company,https://www.linkedin.com/jobs/view/3627615494/?eBP=JOB_SEARCH_ORGANIC&refId=KSNM2pZIaOZfGJJOoB0M3w%3D%3D&trackingId=VPJIG7sUi0lt8J6d7ptW8w%3D%3D&trk=flagship3_search_srp_jobs
ETL + PL/SQL Developer,"Mumbai, Maharashtra, India (On-site)",Pelocal Fintech Private Limited,https://www.linkedin.com/jobs/view/3738191854/?eBP=CwEAAAGLQvH1XCPUu4pUjWJ1mjeAgL_Q-AkvuFda1sOWt2IMSNncJjQgqD_lBVAzw6C4hsqwn6xx4S0ztKi7MvadMbc_bE7-Uc50ew9BZpvSMXXw_ABiLqV7sK3no8Rdsi558tPrvC_qPnuB1650n8daj3ymdlrPpJiTbf2vr2excaakFM8geoQJZMNmvsNomN1LgOUeCh2UI2cIGBiWd0GlIQKpe9mYqYM01HQ9gyhIcDiu773A7KnuqJ_NiLIA_ReR1NsKSnfR_kObFfe8LIjPU_y-zNTbIGMqPMpJ1IAaNrcr15lftOwBA1eOECgJpZlwtJDy0fpsozficcqurk5puuOQFtYC9FLghGf0_1H7HD6qySS3spj1yCadjWg&refId=eC36qwXY0wIcYnYSFlXwqg%3D%3D&trackingId=m9pXFtLaEHypL%2FwfPjzxKA%3D%3D&trk=flagship3_search_srp_jobs
Murex Connectivity 2.0 Application Developer,"Mumbai, Maharashtra, India (Remote)",Accenture in India,https://www.linkedin.com/jobs/view/3742447595/?eBP=CwEAAAGLQvH1XARBT-Ukkyf6ohMrkxOeL45hP0rtUgZc-36jIG6XXMfnBETwVct_rGNET-pHO9c7VUylk0NNoNVLZu9xiSsPe9HQcB3kUG_PKxQW-Cxslk-I8_MpyYGqH3t9c8d4m4UNMvu8sxbiXa_4ENm4DXXDlAE_QTXSHtQPz6jb26sSjAJyNntfcmtn4CnIf0LZjX34Xl2J4mreENeMD_SGGy5M5AilpQR_K776d7_t5SxumF2uhA0NdShWpXqNJHl2RqEQQ1Lxp8sXfcqrv51W65y1Rv0yTOrEjbJVg3vhHIRym-13JdtLDzUt5rAx8bRHgPaL8W6TXoCjGcIEN85C9Hg62irU&refId=eC36qwXY0wIcYnYSFlXwqg%3D%3D&trackingId=xIcchdJqGmXAI9c2pz3b0g%3D%3D&trk=flagship3_search_srp_jobs
Sr Software Engineer,"Mumbai, Maharashtra, India (On-site)",HERE Technologies,https://www.linkedin.com/jobs/view/3698326129/?eBP=CwEAAAGLQvH1XI9X_T03zak_2PirJLjAwRVjcl29uIEBwqvBQG3alsPNH7coP7SREgnPw6-_TK1Q_fLqFhcKEGHApAHTsPouQj-mWWXlq5eOY_egkSHEO3SGPfuMq7R0UMaPhNqKFb3vs7Dqnsbu-vg3vAgTKc_EKvoE3CPhz91wmKqGD2oHqu7skBsZPY6yPQyrLxGYra93EY-2MzxKkxMrCrneSZ6-pEtItKmxiq2X1bWSXP1ycN_K1YVSxvcnFFqbveCLAoIoh2am9BGG46djcUY2C-rB9vni2GlyvEH1F36t826Ww4Dudt_JG4-JGLHmeuuCO8ed2XCsOzMXWAa_Dx1hILsz8bM7wZ6o2vcr3aS223nuoeHjO0ZQQEUmHXbMenHrs6o3&refId=eC36qwXY0wIcYnYSFlXwqg%3D%3D&trackingId=6M9EFc2G3dldy7Ca9uysEw%3D%3D&trk=flagship3_search_srp_jobs
Haskell Developer,"Bengaluru, Karnataka, India (Hybrid)",EMURGO,https://www.linkedin.com/jobs/view/3740618287/?eBP=CwEAAAGLQvH1XNK6mQP6B4R1m4svvqbTk8QjrNVXPGN-TMBXgUllInMIePcRhus-J6FZliocL018i6hZLKKW1YJQ1WVoCcHIJallKQe4Bph5918dHKcDPRP2jXiK9tLbKMH71PSU135HhfmlF7TzgKdFp9na-9M68-_BGfnnm6vzaGhbWZxyREo2uaR34_ZK1kwK1FK4Xhz9CvnCq4f-GDVr5tJpA8UoPxFSGxQOK6_3_h31WWVujLNW-kl6W_eOpAwDREdUurrHjZXBnzJ_XOOX5yYFnv8rLyuYN5jjAZ2VIySzdhNLuiil5N5R4hJUmsSjgRuKHd7iGLWnuOopC7vKkSsClVT7qzukrb0eq18x8JDXBe-3lbg55uumQ9FX5W_itYEe5amA&refId=eC36qwXY0wIcYnYSFlXwqg%3D%3D&trackingId=ea7T6CiNPZ6BLlKB1rKQKQ%3D%3D&trk=flagship3_search_srp_jobs
Blockchain Developer,"Sahibzada Ajit Singh Nagar, Punjab, India (On-site)",Antier Solutions,https://www.linkedin.com/jobs/view/3627612639/?eBP=JOB_SEARCH_ORGANIC&refId=eC36qwXY0wIcYnYSFlXwqg%3D%3D&trackingId=skuj8RlDPXgRTF%2Fdd072bw%3D%3D&trk=flagship3_search_srp_jobs
Senior Blockchain Developer,"Bengaluru, Karnataka, India (On-site)",NetObjex,https://www.linkedin.com/jobs/view/3737439597/?eBP=CwEAAAGLQvH1XEC9UeQD35ikvGa59TK5hA0791GhQLg0t_8ss2Hh9uBLUojqQfOIUxRJeUnocERyOLuTM5prCDoQkKyJn7jp_QlxB3bmjpjHwkFrjWNNEOdb15QahnnZchUZ_dBSY5hgQGPKGoRaA5g2ROdm8ptoQSii9l1jiMbDQj4p_LTSxCmXnCkBILm7-smSl1ZWKcU-JqSvb91BlivdtXy27AoqZhM8K1aQAziCi1JYEBpTS0XezsMi7fsdntThbKwIvHRYoYODzGvUx36Hg4GqOoTIDgb9vrz69OKmjhQxXXM8lVUYwL_4BvrQqRg6cv7SmwHjvjd-DRTBdZOAH5H_Xc7SmT1u&refId=eC36qwXY0wIcYnYSFlXwqg%3D%3D&trackingId=0XZJrfIqUg8J9qOsEy7A2Q%3D%3D&trk=flagship3_search_srp_jobs
"Staff Software Engineer, Crypto Core (Applied Cryptography)","Gurugram, Haryana, India (On-site)",Gemini,https://www.linkedin.com/jobs/view/3725204497/?eBP=CwEAAAGLQvH1XNt-XvJ1kRuNsgFXIsDuuSfTyHuGgvaA-2puKuBXHXIf0QqkvnRMyexSZsJIPQD3CbyM5h_NoejMdSdTiAPRtfqpwhNSjbutyb-FSRL7GXKuOzuaEfBeQwEmC1wyGwAzbAcFsI6fepe8ibcIvY_ABPtLOt59bHAh2FYZMEkcSXOxGinZhbE7nbGYID0bTV81DSVScsbiiicE02yQS6niZHC4_iTA1PJUByuGJGgmZoKKryzxsW_B7bnkagGB7lBqn3DUglFNBAh6HA1agPgAbeFWAYSfAMiOY_SzcUHr5few9YxWzSon3cYl7XIPGkeofCeJeytBkI0KyMNcLl_8Okba2tK0AnH_7OCA17cr1R4qzXx7WzJi4ObBaLYr4APE&refId=eC36qwXY0wIcYnYSFlXwqg%3D%3D&trackingId=qv7oiOLzOayGb4IIH%2BT9rw%3D%3D&trk=flagship3_search_srp_jobs
Senior Software Engineer,"Navi Mumbai, Maharashtra, India (Hybrid)",Mastercard,https://www.linkedin.com/jobs/view/3733356155/?eBP=CwEAAAGLQvH1XLO0fG0cFRq1IhZyyf8WeEZlBhEShe7va3VbLizyyD14DhwlSRHhJKOBOs3NV6ZMhvKIt8fAknIJMZzd10Kq3sHShVjteUghSST_JkziFjCrVdcCiKC9ZyVLvGRsq99mle1b628-mN_WkL2ZbZ_GbCaggkUg_V1zK9AEn0P8KPy65UzPOGwpduEOVnMTD3-_nsT_Q6X0gp_j-TdH4L06wvX47cYBO7zYUxBkbRCTBBaMV_AAb3AL_t-LfhkRtvWkheFLNR7ectLqvtVu4Exge1U8OgMIb1H5afYxWMqFc4o4LOeD5VMvoqoGe_ZBq1wVAQVpqR0IzTHYVodtQ7Rk2SwX&refId=eC36qwXY0wIcYnYSFlXwqg%3D%3D&trackingId=pkKMy%2FM6lbDkQzADRPApVw%3D%3D&trk=flagship3_search_srp_jobs
Mainframe Developer,"Maharashtra, India (Hybrid)",SailPoint,https://www.linkedin.com/jobs/view/3647326207/?eBP=CwEAAAGLQvH1XGpLknuVk9vN_znyaK5YEbbrr59y8vfl1zM8YsWhSrgWxnFF9WTrfA24QaLMKtb2AOJcECT0MefIeCGxp4scphDZ1DMglZqEJzgpa9IgWe-ziVK-er6A8dU2IFe1oMRENqGR08mO6fJghwrAFCBuFz1SSpkHSATXWrNeKumvUpXv8iWBS9G2OgIh_ky3jp8dLHLd0ICOrp5xWGKdkCegtRtSsDztOgNGymZUn1OFOGBWMWmA6SrXQSI_RRm8AJvtFIDzFkWCGH3AGUcq5tYPzOvlHqcoTtLYXQrQLBWACBaG3CwT2iRv5a4gmOHeq2ewYp6WebtzkOcw74CTFcFkeJ6i6GkZ7pXqb7gxnMvg3mi5eO1sx6BxGQxyW3zPp5oKtoA&refId=eC36qwXY0wIcYnYSFlXwqg%3D%3D&trackingId=qEayqXM0%2BtpjB4WvsW0jGw%3D%3D&trk=flagship3_search_srp_jobs
Backend Engineer Mid/Sr/Principal engineer,"Chennai, Tamil Nadu, India (Hybrid)",NielsenIQ,https://www.linkedin.com/jobs/view/3741083214/?eBP=CwEAAAGLQvH1XEKtdluAVTKAeKBjxCWW4EcW7j9IJC7sqEBhl_NR_AAQf3yhhEUbleSRAph8l32dWrliEWuJEA-3YJ06R18csUS-7hilfohm5rE8eJlsWiIktwY_ArkNdQGiHOrtx8d1pfAJxbgp6M-6t58R2iZFLn5GK-lI5L0ZRCYbG9Qu8modm6a9YUZqejFXEWtx9rvWPC62WJ6Oz7Lx8hLjrTIDpyWQEcsiQ4i0i5bwRRm76yfRq7kvHcIz8EeAlsbPXr960a2V1YkEBIFgvzDE7xVfPrwpoXyfFaBm9hz4ub0r8M9B6LZ7FhS6WZR6Ll0KrQ2EYXuBi2uFWlUAUtV4jd6agd9pz_mCZmRWszthZtOFb8dmvzxFrfG5Xal-awe15lnrWZk&refId=eC36qwXY0wIcYnYSFlXwqg%3D%3D&trackingId=Lc4HahYN1uECCJoZQWTL2g%3D%3D&trk=flagship3_search_srp_jobs
Blockchain Developer,"Darbhanga, Bihar, India (Hybrid)",Vaishnavi Services,https://www.linkedin.com/jobs/view/3726151938/?eBP=JOB_SEARCH_ORGANIC&refId=eC36qwXY0wIcYnYSFlXwqg%3D%3D&trackingId=JMaVt0%2FpUuRxni1Iz5JCYQ%3D%3D&trk=flagship3_search_srp_jobs
Lead Software Engineer,"Pune, Maharashtra, India (Hybrid)",A.P. Moller - Maersk,https://www.linkedin.com/jobs/view/3741950545/?eBP=CwEAAAGLQvH1XBIMSzrOsmwDcwyw6OnjIUJo2HWE-_OhKPiN8PYZTNanO4mqQSOm6_rwAW-_OHfwsVgQC-t_qG_pxGqH8Jbv5oBSlHNH3-neVBosxDbb4GIqgmZ_ZUUMPBtfFwlbeUzGWSsOxFy7Wej38Z_BTE0xPr2KMkzEjW3ixz9yxb8lUulGhIGvFn-hKVleeFKdHQeXu_czjuxJxJTcI2fFdOT8WXTBVoMBTuDRYS1KXQXqLup87QeT3gr_aNOG-25KUVbPwPvo617fE0wcyy89Qz7RwiFfoLfqFZVPDLReGReeMRLV2J8H3ptE7C_VPKpVbKLt1WFXduuQ9W7YcDQ-Bm1SEZlN&refId=eC36qwXY0wIcYnYSFlXwqg%3D%3D&trackingId=IWTZt%2BsuiSUCkkLTFMtIhw%3D%3D&trk=flagship3_search_srp_jobs
Software Developer- Dot net,"Navi Mumbai, Maharashtra, India (On-site)",Osource Global,https://www.linkedin.com/jobs/view/3736224272/?eBP=CwEAAAGLQvH1XOAyVtg6OO8DtxmpFNC2DLlP_Wv0Eug68GBuxeICslaFdgjgMHCOewEFwmvHR7ek5JDN-jDrpPoTPcfgq7k2cBdpPbVXqlQPzUfUhDbRf-I3F-diTdNp2-DLBA2oQFe7zecNVyiA0FMyUSZzFMBs-k7YYWdgBha5IOCOVAV15f6VN99K3TND_8T4mIFnC8sW3WFhsisCo_Ud2CMC7zE58A3597dnEKhxLG1H0FeTBezstGZQPHd-aSxsH0Dk7eSSvYHjGzyhRYfxy1_EkM5yNw3YjBJSpYtHttq9x9lIWmIBjUXtq3icNcn5xf_mMllo7vMSU0HU24x8I4lDaW2JJz2g&refId=eC36qwXY0wIcYnYSFlXwqg%3D%3D&trackingId=zBaelTsoAafJKy0%2FToDZcA%3D%3D&trk=flagship3_search_srp_jobs
AWS Dot Net Full Stack Developers,"Mumbai, Maharashtra, India (Hybrid)",LTIMindtree,https://www.linkedin.com/jobs/view/3635389505/?eBP=CwEAAAGLQvH1XUc-G4t-LnLUEGwGWvWcDsSvUI10S6U24M4-kb-3pXQZlF_m_9P3XTYVt1Umvombm_q2Am1UvGhcN0D4FuCEY6Udqg6_frqQWMTQ4G3EtS_tnawvMJP0SL9fy5GteoUMzxmaqT665E9wBe3JaW9iIje3jXESR3q4w3QnYn-TNHvnCTCHQGxE7iPJoEDESlH6u2L3Sa22chR4VAUSqSSsjuL1S-dI_PyIzkmZDr_sSA1dZECjBdbB3gp89ApFG-q1cU5_GuY0QqwQqXpQzWYoXs5cOKE8uaWuAPXZ2ryJSZ0kz5AYoXS4_n67hR2mkvuFr2hlE5SANX51Q4pTIH6-T495JSg3q24Afa3V7sy9KawNxVEoqgcAn9GOwViumFuTQN0&refId=eC36qwXY0wIcYnYSFlXwqg%3D%3D&trackingId=6n%2F1osO8dn6AUxf8y0rDpw%3D%3D&trk=flagship3_search_srp_jobs
Senior Software Engineer (GoLang),"Mumbai, Maharashtra, India (Hybrid)",Gelato,https://www.linkedin.com/jobs/view/3740596323/?eBP=CwEAAAGLQvH1XTluEOln57Jvt9jB0Oj-9ydQLS35bZHkW-OXtDajqWMwDM6ns6iY-7ltRSy4GEudMB_qM8_-IwDw-AB5HSJBfm8JK3IVForOGTAH8p99yLITnyqD1v6lBc3FKg2fonBMax7vmJSwJlrKPN49LRgmWB9C9XdnIgXsPmr1LfvMHEWMdOL8A8zksHjACrPKhoHNA87RLIsnWfubih7rAv7Ube_ZCOUapEo95pZXR31RB2Tep6TIGNaTumsRZtAa8JORaSoSqg8ZIZieAdwBccJEHfgn8DMPUkZ4YqVZPugiEMrJUVvh03Evs_wJTOepIqoJATcb57jV9TzeZgIXTo5aD0P5p0jH_yycsCWdikbys1qz73BCaSdbnM9Fs1SvgeBDvXk&refId=eC36qwXY0wIcYnYSFlXwqg%3D%3D&trackingId=CIdMDYcM1Rafq1GyS0Islg%3D%3D&trk=flagship3_search_srp_jobs
Java/UI Software Engineer,"Mumbai, Maharashtra, India (Hybrid)",ISS | Institutional Shareholder Services,https://www.linkedin.com/jobs/view/3575670923/?eBP=CwEAAAGLQvH1XY4WJ6xOqiBc_dw9VC8BgO8Sc2OPEPoK8g-E0E0fou6Dw2NLruBVAjQe8ZlSSYfPRhz2L_TGbSbkHnBEJHl3VDU_9uGRZ79zzWGsKcVCGLseTLuu35_IRiWSdrCT6Gcl5vXocaw6wlFvdFCf4GnAOcmdduWThtT0iPxfYLCZRLPRNuD8ZPjafzeGW_n4WMDvmS8p1e96b3i8l7yLUX4YfzStHOuQzvXcWByIL7r4wJnDvUTkhi79kxaFBxSWyTCSITyVpUwEI1WEkBMyq-1c8GIXqTU_oBSnyse_Qs0FvAbaO9BkGQzIS63UnSfWDHPqkOHUe5MgFWVuruKoby5ppjU2WVLywOP4UFD0ETP500pP77o0iqRm2XM1pvR59bIXVfI&refId=eC36qwXY0wIcYnYSFlXwqg%3D%3D&trackingId=m0JIyjh1bjTQ1nWHHjsKow%3D%3D&trk=flagship3_search_srp_jobs
Junior Blockchain Developer (Remote Internship – IT),"Hyderabad, Telangana, India (Remote)",TalentKompass Deutschland,https://www.linkedin.com/jobs/view/3736836469/?eBP=JOB_SEARCH_ORGANIC&refId=eC36qwXY0wIcYnYSFlXwqg%3D%3D&trackingId=Pl9GYmpuBU7vOkS%2BDbMU1Q%3D%3D&trk=flagship3_search_srp_jobs
Blockchain Developer,"Gurugram, Haryana, India (Hybrid)",Vaishnavi Services,https://www.linkedin.com/jobs/view/3740578922/?eBP=JOB_SEARCH_ORGANIC&refId=eC36qwXY0wIcYnYSFlXwqg%3D%3D&trackingId=dt2dyQV8YOAPtkQ8LhHI2w%3D%3D&trk=flagship3_search_srp_jobs
Blockchain Developer,Greater Kolkata Area (Hybrid),Vaishnavi Services,https://www.linkedin.com/jobs/view/3726152195/?eBP=JOB_SEARCH_ORGANIC&refId=eC36qwXY0wIcYnYSFlXwqg%3D%3D&trackingId=yxB3YqmblS%2B8CiZ34UurrA%3D%3D&trk=flagship3_search_srp_jobs
Blockchain Developer,"Delhi, India (Hybrid)",Tosh Innovations Pvt. Ltd.,https://www.linkedin.com/jobs/view/3627621623/?eBP=JOB_SEARCH_ORGANIC&refId=eC36qwXY0wIcYnYSFlXwqg%3D%3D&trackingId=JIC8xdTf62%2B6qoQvg2wwcQ%3D%3D&trk=flagship3_search_srp_jobs
Blockchain Developer,"Gaya, Bihar, India (Hybrid)",Vaishnavi Services,https://www.linkedin.com/jobs/view/3726153118/?eBP=JOB_SEARCH_ORGANIC&refId=eC36qwXY0wIcYnYSFlXwqg%3D%3D&trackingId=pEeGkwg4UxX0jPeIpx%2Fg7w%3D%3D&trk=flagship3_search_srp_jobs
Blockchain Developer,Greater Kolkata Area,Rejolut- A Web 3.0 Company,https://www.linkedin.com/jobs/view/3627623418/?eBP=JOB_SEARCH_ORGANIC&refId=eC36qwXY0wIcYnYSFlXwqg%3D%3D&trackingId=34aoHjOVPhGr0rgTt6J%2BPw%3D%3D&trk=flagship3_search_srp_jobs
Staff Software Engineer,"Bengaluru East, Karnataka, India (Hybrid)",Commonwealth Bank,https://www.linkedin.com/jobs/view/3740599323/?eBP=CwEAAAGLQvH1XXvJqb_jH4lfgdTd9VuxpXbJ2522hYNVNNDcRzIZYw9oghqJFjA_7C70VITgb1NfKSyEx5lusc9Y4jv6VFRPvzkDAuZvIEwXG0iQIiDhMiEV0C3i1bcVA8vtdEu8A8t8jG4UKTpOR2m95PCW0kKW7t401yaL-QuEGSgjrTiDojwvT2PoMME9OffasldARdq6wVdN_XmM9WaTPLmzqYPKtjkQw9YTBHFv8ErWrLJ_bZEh4NR6n-qEn51rlSbbeui4wp3RFeVBLEDTuEEt_jLZWE2UyZ1aN81JCI_nzuBTZb9kEE5ElasvHU5TYPv0-DOhgM3Jt91KQ1xVjEsxSe2MsBRD&refId=eC36qwXY0wIcYnYSFlXwqg%3D%3D&trackingId=u94RJA1qu9nCWFQTzI7XGg%3D%3D&trk=flagship3_search_srp_jobs
Software Engineer - Globalscape,"Pune, Maharashtra, India",Equifax,https://www.linkedin.com/jobs/view/3741071577/?eBP=CwEAAAGLQvH1XXDT0TwQbrIYVyhDXQ1_mzCPNhZxHgWVlj8cXBDS4At_K8_Z1lzygaW2NNwGBq4o58-zJ60Y4U4XRDLFUbrFgudeTvhY5WJFUpSBW96vbXtY1beL32T4npRBoiUwa5UmeEAkwQ2mJt6NaSKof1eyAyFZ1Ol-r0z4jBgCsBFZHLqEsLx4SjDtPX7ScwQr_4jMrAWqM9HSPACmK5fuJntz6sZ0_am_TModvxsQTcOI8kgJP6akeFW9BDmfPnboG3GlIvJJnfbry_R9Xfb0ncyMZnMDLjY5FguCmyGWJqHx-o7R8GS1M5Q125McJeHk0MJp5cccGJDncwb40XpDCevSzwrm&refId=eC36qwXY0wIcYnYSFlXwqg%3D%3D&trackingId=v3hZnlP2A0z0H%2B6gUD1BeQ%3D%3D&trk=flagship3_search_srp_jobs
Investments - Google Cloud Data engineer,"Pune, Maharashtra, India (On-site)",Deutsche Bank,https://www.linkedin.com/jobs/view/3742441171/?eBP=CwEAAAGLQvH1XeIXaNlHrcYzN3SIZJ5GQImCzOLitqgF_tsQF_ixti9LBVcDvoIMohygmY5T0_NbwdCwlQ-ueUJahQ2z711-muyIEc87tzXid1y0SVDTmAlzNPdCUuxED2T9IxTC-ZuyBF6gwWtKujakP2uCg41-vsBRqlHee8DooNVI1aFckjqTQsz9roe8DE-09JGqUl-tD6CLtzrFe2RNuTesAaklfC_uMFq99JPTpt6_IMMC5g0muEOgm0IGKO2z1hBv9ToDb7Xhbh1lbF_93s3Ndwf7JUzQApRvPWb6AmFKjm8kuFVWV8F_iEBVHJdGKFI85va4UlHsPUUGwDTiqbKgw5CwjIW5&refId=eC36qwXY0wIcYnYSFlXwqg%3D%3D&trackingId=gsPwrKMDu3qdKZMPFCPpcg%3D%3D&trk=flagship3_search_srp_jobs
"Principal Software Engineer - Java8, AWS, System Arch.","Mumbai, Maharashtra, India (On-site)",HERE Technologies,https://www.linkedin.com/jobs/view/3670233819/?eBP=CwEAAAGLQvIbrM7FjkMJLTGCe4oX9gZk8I59AnChLnVv19iAAzrE2a9hxw6ocJr4l9l9OtQlhrBHpZZO9V5t9VYat-4prtVk5EpBfwWskbqATzHs1QBjt2WkB_yY5OQo2qQjtmLw1yKLyQYr8GBradsRWR7n363ahKyGN62alEOyA2RG3Yq0xKjxW8e-Brb1O9q-OUaAkj7RK3f0SQXxD4Rpp15MDgZuCgm8RX8SzR0Xata0SoIwza1J9puOCHleWydGTPgF60Qp85M-sIiDhT798P8Q6XQGFxm6_a4VF_S84SGWBvO7NdG2-0Hob-Yw0xfPDSsgS9Y6AtonXNDcqSuqeOqj6Ki5Nbm09vK8sZ2pRc9P9VQNUyB5WX664Y5ClNXGVqcCGZk559VhuFps&refId=xyNuUWuKPgHye%2FHG%2BtfP1Q%3D%3D&trackingId=UwEiNe8bU9tZs96yRtULCQ%3D%3D&trk=flagship3_search_srp_jobs
Lead Software Engineer - Java Tableau,"Mumbai, Maharashtra, India",JPMorgan Chase & Co.,https://www.linkedin.com/jobs/view/3700034548/?eBP=CwEAAAGLQvIbrA3U5_2YRdCpIMWqpEQnrNkK1iLE3OCScFqqksTsDMjOQhrWcuqOhYEPlLiyFm6NxD9pO56TSk2SkwjE9aQsqaMz7ZaJlicof0_fUCrbZqhHfju_7EpF-ttiYzjtPsX8Bq-XLehIPRH0cPjs4FP1bw_YhZfCMqulv1WXzKtSqn-Uu3dPROZ3lMrMz3U865U-pXFS5-SvQidxE--5jAfs0ZHsjAcBeHJQnTdAJNUcUF3YrfSgHQz-krgoDYf51vvm1nlVrGiC_l70hlaut3a43lEgaFYLvaftbQx-mvRD5vZ81nxxWcqSBujHIMoEp8yY_y5tPBTpzA0wZ5pa64a92w29fkj83wrQPURev2GxseNCN1TqREDSQBampL1VtzlYtzJPJHuD&refId=xyNuUWuKPgHye%2FHG%2BtfP1Q%3D%3D&trackingId=K4qhYuO8Xz3E8FxopbXD1A%3D%3D&trk=flagship3_search_srp_jobs
Senior Golang/Node JS Developer with AWS services,"Hyderabad, Telangana, India (Hybrid)",Aqua Security,https://www.linkedin.com/jobs/view/3742164446/?eBP=CwEAAAGLQvIbrAhBNle8D7xuU0iWXKxFtzfdwaaAN2NU78hS8Fn4UcfL4cH50i5MPeUBMkLW-NQmv9xxHreQySCZJhoVtPuU3LhfKb2AkrtPyv3wPLJjN4LZajur_rrr0V_YXub1UlHjnbZ1Ea0w_W2u1sBv74xdCABObqG1caHD3TIzPy1N8-puJc2gK1LAOcVgcYrGOY0ovd26QNdaJd_JcxcETtY9W-MM9sfyy9hmiku_PELqy3VccyALREm4CWVD9WJxH6n-6WL8_ruII3WRI2wmF1AldNL2Db8lSSSBH4D_3fG-_5So_ckGlI-TsC_88nDc3EfU9bbKsHjybxIldMuhBFdbe3qMVe0_p3RDvzIitbkthEAu5A2BZzv3EdqA_hQNvyw6c0-v_BV2&refId=xyNuUWuKPgHye%2FHG%2BtfP1Q%3D%3D&trackingId=rYTnM5XXezDX5zdDwrLq8g%3D%3D&trk=flagship3_search_srp_jobs
Manager/Senior Manager_JAVA Developer with DB_Technology_Mumbai,"Mumbai, Maharashtra, India (On-site)",Morgan Stanley,https://www.linkedin.com/jobs/view/3666469809/?eBP=CwEAAAGLQvIbreuGItHmOOyU7DzTWoebDbbT5T-ifBb8wrVq3nqamw21R2KDd2fSclpw1iWlYpP2UOhrt3M4peS2dcMG1Yc240kPx5wLTnbfQJqGVHDsrCGHoHm1VtoK6HKzbzk-XKWefDasz1ySnf7PJyiMgWYAmP9L479P9iIQ4yhkb2AIEn49q1I0jugzUfl6tCdutsut9BLJnEh2GF5rrqZHowJqphJsA8HaPjLRPHfXhF385zyh3mVtFdv549dNsEk0eArcvdsrQHT-NZRK6s4DhzDUk0IsnWS3w-1c8nCHQTgm0ZTfAU6wX6lI8R9PLvDFifG4ZeiNL6PJDd5jRpU20Jt9e2J3FI1eJVJuKsW1nwLVmpdVodY8Q6Tg1slr4wdJ01xiXRT7Ww&refId=xyNuUWuKPgHye%2FHG%2BtfP1Q%3D%3D&trackingId=HNk7eGWbAVTacJ5g0bG1tA%3D%3D&trk=flagship3_search_srp_jobs
Blockchain Developer,"Noida, Uttar Pradesh, India (On-site)",Infoneo Technologies Private Limited,https://www.linkedin.com/jobs/view/3656598096/?eBP=JOB_SEARCH_ORGANIC&refId=xyNuUWuKPgHye%2FHG%2BtfP1Q%3D%3D&trackingId=c9%2FTsnfty7S%2FBvBIHmR5KQ%3D%3D&trk=flagship3_search_srp_jobs
Back End Developer,"Chandigarh, India (On-site)",FINVASIA,https://www.linkedin.com/jobs/view/3705334167/?eBP=CwEAAAGLQvIbrbjjYT0s5Xmhnh9tfIg-1d8Bi1SlkTcNu8mUe5ZgxwL78Ej9RjcefLSJMWDLDC8Mex1MsOO98N3L6h31FtyRsyZ_zs7KyGYLgBrg2uc4SHzBtjNJSaZdLKmwRW9wWalO2_gnd1REL_bEDb8VM7I-5C4W2KxVYrRW1uzCsxzHF8t3RYs5dYiYyKw1TnQozK-dyo6uT1QwSryfUsQGbQ_bgOgrVb9a_5o3DOG7TnsSmXYLJqDDa2piKAxnX6lgoLxzfCwUJn2GlEcZiKnewBNTMXiRSQ-hZSZJ-QCFxpWjYbN8izaW4nllGVHSNu36yGydIk4IhktVhUq4_qNEn7ddbVkbYgQtWZQSu_KeppJYk6ohdlmUx5kZmsQxLXhYxmbLQUuMutRf&refId=xyNuUWuKPgHye%2FHG%2BtfP1Q%3D%3D&trackingId=EvUYScC4WiY8NKOjeS4kkg%3D%3D&trk=flagship3_search_srp_jobs
Principal Software Engineer,"Pune, Maharashtra, India (Hybrid)",Mastercard,https://www.linkedin.com/jobs/view/3740223035/?eBP=CwEAAAGLQvIbrc-16UXCPkX-NlYzcheOZF_BpnCZkRGjeuN1Dw7DFjW7zXIiPLrCMJ3xLZ4-BDbLsHY3jRKMuYWZ39Kdv1DAsjC6Hy0fsHkAmo3oTebURjDH_i0tX_0LiUTs98cFdx2oXA0KZK9453sToXyq0B8CeEBazaRlT6sC60EczxsKgSYub0xiGiCyAc5glgoQFHsbAC1UzeJhkltpn1k2A9b_IOXiUwzVDNRoJUb7mlSWV4kdJFpqNLSL-4W-yFXPTGtZnV8J_GsC1zlwZFFMtIyvxtuNAyynfL2SuBYDwYzOPeJ9svy94OXyG7NZBoGpjloy0_Izr7iKd64-xUtzfel5ddK-X7jYovj7QKrMv7vM4EKVgYlOhQLfiUV_DDWmSqX1XS7CNGy1&refId=xyNuUWuKPgHye%2FHG%2BtfP1Q%3D%3D&trackingId=nCI%2FhJAHsYjct1Hy4y0THQ%3D%3D&trk=flagship3_search_srp_jobs
Software Engineer III - Fullstack,"Mumbai, Maharashtra, India (On-site)",Teladoc Health,https://www.linkedin.com/jobs/view/3741566725/?eBP=CwEAAAGLQvIbrUOViyMHnLa6fNZ6kLYMJ_R9BKyc44SvnTydO9J7hYdD1bP1JSKwPxXopITcceZP20VREGitM-Qsevo-g81mVif9Uq9Z0kuSB1h9wJVIT4843ovAQBg_dkjSotkSoHmaaVvuoS51PkKYc78etf0LaglYCYIdDGczI_O3Rbm5i9fc5SGflGibLDbF1uWTYXNTWcG5wNPgV01YQnQWZF-RSZAs77u6mGPg-p0AOKoaNdg7wov6LNVRMxMYExnfHnJSCnp3RO2WBfZgfZAC5UoZpY7Ubg8m36p7w6ff4Q25zRaoqkVIiErTV2WrLPWq2OB82fpUuTvDNxmRsVcLAvYyUSynH_ibYn-BNjA_sWedX_elNOCb-Wk4cFGGxOX7TexDL2T4Uw&refId=xyNuUWuKPgHye%2FHG%2BtfP1Q%3D%3D&trackingId=dZ5pjqJmjbbHN0byR3ba%2BA%3D%3D&trk=flagship3_search_srp_jobs
Blockchain Developer,"Ahmedabad, Gujarat, India (On-site)",GFL Recruitment Private Limited,https://www.linkedin.com/jobs/view/3738247349/?eBP=JOB_SEARCH_ORGANIC&refId=xyNuUWuKPgHye%2FHG%2BtfP1Q%3D%3D&trackingId=qks9YP%2BXdDSKIgDexhGxZw%3D%3D&trk=flagship3_search_srp_jobs
Blockchain Developer,"Bengaluru North, Karnataka, India",NetObjex,https://www.linkedin.com/jobs/view/3689848711/?eBP=JOB_SEARCH_ORGANIC&refId=xyNuUWuKPgHye%2FHG%2BtfP1Q%3D%3D&trackingId=qigLZrylblCAS%2BOvVoup6A%3D%3D&trk=flagship3_search_srp_jobs
Blockchain Developer,"Bengaluru, Karnataka, India (On-site)",Gloify,https://www.linkedin.com/jobs/view/3678196091/?eBP=JOB_SEARCH_ORGANIC&refId=xyNuUWuKPgHye%2FHG%2BtfP1Q%3D%3D&trackingId=m9qy7s3fETwHg%2BV13iGlPg%3D%3D&trk=flagship3_search_srp_jobs
Blockchain Developer,Greater Kolkata Area (On-site),GeekRabit,https://www.linkedin.com/jobs/view/3699038592/?eBP=JOB_SEARCH_ORGANIC&refId=xyNuUWuKPgHye%2FHG%2BtfP1Q%3D%3D&trackingId=5GLlWgjYlVZjOF%2BWNyoeiw%3D%3D&trk=flagship3_search_srp_jobs
"Staff Software Engineer, Consumer Experience (Backend)","Gurugram, Haryana, India (On-site)",Gemini,https://www.linkedin.com/jobs/view/3643357545/?eBP=CwEAAAGLQvIbreJCFY3LU8ch2odYb3YRaliISL_SW3lLK2T4DtKyltNVeZeqh-j9f0aJMLbQjHjdTDa85WShMiFHl2Hfk9P_ZoO4Z78JcwAsGcX_-MrDAWBS0TF1xt4FE5wQi3UrnAT7aJ81O1gjw9n1hLwzAgIs5pru5vCmz1iPfXt_Ya5ttnKRiHcwCgtmEYr5--JbL8IjB0KB9iYKBGwe3AT0UPXwD9A5VXpUmewdWw-LABoD3ZqGMFRaSKfMRmJxCOLS6YIQP-kK5yIBoBTw3_qgWtbhZTgNctM2ea9g_piTcfysuDrbK9ngjZ-m92rchG0l3P33zQc-NvGyDmk8SS5diaVoUbQwHxAmM1Fqmkw0OtEz-5cSrc2tGozcn1tVGiuqFgPcFyDZ5Zyp&refId=xyNuUWuKPgHye%2FHG%2BtfP1Q%3D%3D&trackingId=k4nLRpgyVxire01E7rRiFw%3D%3D&trk=flagship3_search_srp_jobs
Hire Posted for__ Blockchain Developer,"Ahmedabad, Gujarat, India (On-site)",GFL Recruitment Private Limited,https://www.linkedin.com/jobs/view/3738768542/?eBP=JOB_SEARCH_ORGANIC&refId=xyNuUWuKPgHye%2FHG%2BtfP1Q%3D%3D&trackingId=uftXgLLeJkfJ1wMNEwclGA%3D%3D&trk=flagship3_search_srp_jobs
Senior Backend Engineer,"Mumbai, Maharashtra, India (On-site)",Blenheim Chalcot India,https://www.linkedin.com/jobs/view/3729812147/?eBP=CwEAAAGLQvIbrQiDGaFIFlpLaqDBvn4Mrw-9ZbkfJLMS91fRFW7yRAj-50iiRce66PdyS1UD-KbWXyDnRcBuGBqz0oeHXpAt-VAoM0xTzXKyffmJyRhmNCksAymI3-VvGq4bEALR869LZ8X6NDNWnT2r9igBR1cZvugYCcmRNh_QN47GM8iW3Dw3gGOZ0m1eKte2Vd1Rz0fdMk5KUhiHaoI0zzGi4M6ge1i3-TNMt2t-au8sOg1kNlWKfKWOnc3ygsHFdCbhJ0bHyK2tN-f41I9RcqPK9xqZUISq50Wf2sMwOSA3paXYqVZgYXkNUH7eIoryxpcuwme3ouDrBKmhWrEDPOkekDnlDrdWqC_rgA&refId=xyNuUWuKPgHye%2FHG%2BtfP1Q%3D%3D&trackingId=iGYkSTzaR5gdAv9I6uKGrA%3D%3D&trk=flagship3_search_srp_jobs
Software Engineer - First Responders,"Pune, Maharashtra, India",Equifax,https://www.linkedin.com/jobs/view/3741071575/?eBP=CwEAAAGLQvIbrSGuyZ34zTVUoCzInpEsmyg_2uhPyAvYz58PH4YM9ZRZSXWTZTfGIAi-fdZpoxBqnMJJ-T1sampyXe3F4OqXBBI6aETEf5ViSIt0A_z2qSmHFn9z5g1x-_b_MgFT-F03DWN_yITxgXE6fOT24JN-ibRew-bv16UfNe4ES39dC84C86Qp3zUNaykvGN34fYQoUSHOY_8GJeMQlNPj85ud7hRZ8LRbAOoBi5yNU82GaOL_uhQuvQN_K0gDUf1O-WTVsP56TR7PW2OzSYUvVTvswHNi4xgp8mjXmw4C7iQ2vqtXdHUAfRkdeM6TwHRVxmF8nYA-0d6AuWKhHAmKwM3xxuLoNPA8lg&refId=xyNuUWuKPgHye%2FHG%2BtfP1Q%3D%3D&trackingId=ZuG%2B6nZa%2BrXtkSGnCHmzQQ%3D%3D&trk=flagship3_search_srp_jobs
Lead Backend Engineer,"Bengaluru, Karnataka, India (On-site)",Recruin,https://www.linkedin.com/jobs/view/3741058826/?eBP=CwEAAAGLQvIbrUueyVbqzgh8ZCc9pr8WUPai2Cq5A_EWe-tWqvbMsmffkGz0IsQJv_3IFRR1HoHQ4o15d67RpdDUappbaIvULHaq_UDHnnLuaiy5j9n8U-8ztKVFzxlo_dK5mgBMs7TfjIXkQdEs12FloFM2_VBVulR7O-OuGniMMo8FQX34Mn0EXlrjdWyo86ytjyj8CXx0qD0qEzNYoJ_ih-fPWSSxPf70M1PR0pPMFt3w_yWoRyf1xrzRRXlrZsIH_VkJIa-UMcWKbx3Gl35hCdXwtY8xTFu-phSS6944ilcj4q8MzqKjQ4bSIqVe9ULi8XPbQHIPWBH8XBfkUZRDLUtR1MvwyCkGQa5CUo_4cPBv0m3qmL2BJIT1Mo7ijc5Qd4ka-b64VuoFocGK&refId=xyNuUWuKPgHye%2FHG%2BtfP1Q%3D%3D&trackingId=NXUiVn2jrliteBVTW4fs4A%3D%3D&trk=flagship3_search_srp_jobs
Associate Principal - Software Engineering,"Kurla, Maharashtra, India (Hybrid)",LTIMindtree,https://www.linkedin.com/jobs/view/3737185757/?eBP=CwEAAAGLQvIbrZ3KzWUQ7bbkFH0J90qQbfRc0xC8XqrpGeTTS580x90ylgqP_M-Nb8TCL6jvPGJ-XXDnppn3EkLw0l6WCQGntgu2BEb6aYQygofUNXAvCEKzNQQgdj0iRfaH6w-ot_AOxGyiXV9dRjyZOJx-yaOcYXByrMrcReoNgN387zGKz21hDytIiEKAlISIEBUo3iN9hjgwnQt-5akkRHSQ9xAgOkL2GGQj3w0vR0kLqfkCbhirb-UpGnvzRVGbFIr9dbSZXVHWRIeDBgIrSx2NNr6-sNYliKY0eUi31aJV1r1lUxfhgUXFsPKbA6DB9CdNM5LhrhS008DC4QN0S1bCU50Q0zp39zA6r3YpwLZkdT4iu1EOHIB8oEICVzjP2K7Hw3iGznNmLemJ&refId=xyNuUWuKPgHye%2FHG%2BtfP1Q%3D%3D&trackingId=IRHTR%2FiMEaFg%2FInvdKGvPA%3D%3D&trk=flagship3_search_srp_jobs
"Engineer, Software Development-IND","Mumbai, Maharashtra, India (On-site)",Ingram Micro,https://www.linkedin.com/jobs/view/3736913864/?eBP=CwEAAAGLQvIbrb0BSL0pdgPz5qv2IcS_XGBhyeQO6YcCKtv4iL0_BNGMvWeuy6b3Fl36nVWGlEB-cTAZfw1e9C0TER6I7pe0LvGwNwu9ll7quImUSs5PmXv-5r4jBDnSnBh8wSDUAr8-ryQB0a934HuGNNp2XQHy8LQW21iJSdBiaOZnP_L1pRtPbqs6vna9wt7s78zBBrxa3GD-GZ0vPeGmF-Iv5lHroUGUy8IUULoEUZhLntVeHRBSOh11_0Y9AeQI-lZC1rEwJxUWZ2bitnY-mGYCQf3RptjhwXRUsZmG5FwxBhV7KM4nNPJ1F1E8uZkXgTUS1vVYpgT-FZEdOijRIVfmmjmUBYk1d6VC4B6X5ScDY3GAS-__uZfqgMWKDRwUTZxNdECo-ZOrLlcJ&refId=xyNuUWuKPgHye%2FHG%2BtfP1Q%3D%3D&trackingId=J1UhboUOKW9yJ0kgJgja1A%3D%3D&trk=flagship3_search_srp_jobs
Junior Blockchain Developer (Remote Internship – IT),"Delhi Cantonment, Delhi, India (Remote)",TalentKompass Deutschland,https://www.linkedin.com/jobs/view/3736839110/?eBP=JOB_SEARCH_ORGANIC&refId=xyNuUWuKPgHye%2FHG%2BtfP1Q%3D%3D&trackingId=4fShPSN%2B6AoMpt%2FxHwvVlw%3D%3D&trk=flagship3_search_srp_jobs
Blockchain Developer with .Net,"Hyderabad, Telangana, India",ThynkBlynk,https://www.linkedin.com/jobs/view/3627622236/?eBP=JOB_SEARCH_ORGANIC&refId=xyNuUWuKPgHye%2FHG%2BtfP1Q%3D%3D&trackingId=3w7k2za0xuXuvUCWX38TzA%3D%3D&trk=flagship3_search_srp_jobs
Blockchain Developer,"Ahmedabad, Gujarat, India (Hybrid)",Huptech Consultancy Services,https://www.linkedin.com/jobs/view/3627625385/?eBP=JOB_SEARCH_ORGANIC&refId=xyNuUWuKPgHye%2FHG%2BtfP1Q%3D%3D&trackingId=lrAI59aBEnr0nk4j2iguIg%3D%3D&trk=flagship3_search_srp_jobs
Interesting Job Opportunity: Blockchain Developer - Solidity/Ethereum,"Noida, Uttar Pradesh, India (Remote)",Spearmint Technologies,https://www.linkedin.com/jobs/view/3700022928/?eBP=JOB_SEARCH_ORGANIC&refId=xyNuUWuKPgHye%2FHG%2BtfP1Q%3D%3D&trackingId=z%2FKbTspQPYNksIOXXI8YGA%3D%3D&trk=flagship3_search_srp_jobs
Blockchain Developer,"Noida, Uttar Pradesh, India (On-site)",iSHA TECHNOLOGY SOLUTION PVT LTD,https://www.linkedin.com/jobs/view/3678403012/?eBP=JOB_SEARCH_ORGANIC&refId=xyNuUWuKPgHye%2FHG%2BtfP1Q%3D%3D&trackingId=Q7leBDS%2BsjVN1OMwYQ4SHA%3D%3D&trk=flagship3_search_srp_jobs
Blockchain Developer,"Jaipur, Rajasthan, India (On-site)",BVM IT Consulting Services India Private Limited,https://www.linkedin.com/jobs/view/3704861825/?eBP=JOB_SEARCH_ORGANIC&refId=xyNuUWuKPgHye%2FHG%2BtfP1Q%3D%3D&trackingId=srA%2BvWTKh7pxkrqKtyDD1w%3D%3D&trk=flagship3_search_srp_jobs
